<?xml version="1.0" encoding="utf-8"?>
<extension type="component" version="3.5" method="upgrade">
	<name>com_agdetagsearchs</name>
	<author>Astrid Günther</author>
	<creationDate>2019-09-13</creationDate>
	<copyright>(C) 2017 - 2019 Astrid Günther + Dimitry Engbert. All rights reserved.</copyright>
	<license>GNU General Public License version 2 or later; see LICENSE.txt</license>
	<authorEmail>info@astrid-guenther.de</authorEmail>
	<authorUrl>www.astrid-guenther.de</authorUrl>
	<version>1.0.19</version>
	<description>COM_AGDETAGSEARCHS_XML_DESCRIPTION</description>
	<scriptfile>script.php</scriptfile>
	<install>
		<sql>
			<file charset="utf8" driver="mysql">sql/install.mysql.sql</file>
		</sql>
	</install>
	<uninstall>
		<sql>
			<file charset="utf8" driver="mysql">sql/uninstall.mysql.sql</file>
		</sql>
	</uninstall>
	<files folder="components/com_agdetagsearchs">
		<folder>controllers</folder>
<file>controller.php</file>
<folder>models</folder>
<file>agdetagsearchs.php</file>
<folder>helpers</folder>
<file>router.php</file>
<folder>language</folder>
<folder>views</folder>
	</files>
	<languages folder="language">
		
	</languages>
	<administration>
		<menu img="class:agdetagsearchs">com_agdetagsearchs</menu>
		<submenu>
			<menu link="option=com_agdetagsearchs" view="links" img="class:agdetagsearchs"
				  alt="Agdetagsearchs/Links">com_agdetagsearchs_links</menu>
			<menu link="option=com_categories&amp;extension=com_agdetagsearchs"
				  view="categories" img="class:agdetagsearchs-cat" alt="Agdetagsearchs/Searchforms">com_agdetagsearchs_searchforms</menu>
		</submenu>
		<files folder="administrator/components/com_agdetagsearchs">
			<folder>controllers</folder>
<file>controller.php</file>
<folder>models</folder>
<file>access.xml</file>
<file>agdetagsearchs.php</file>
<folder>tables</folder>
<file>script.php</file>
<file>agdetagsearchs.xml</file>
<folder>helpers</folder>
<folder>sql</folder>
<file>config.xml</file>
<folder>language</folder>
<file>CHANGES.txt</file>
<folder>views</folder>
		</files>
		<languages folder="administrator/language">
			
		</languages>
	</administration>
	<media folder="media/com_agdetagsearchs" destination="com_agdetagsearchs">
		<folder>css</folder>
<folder>js</folder>
<folder>images</folder>
	</media>
</extension>

